{"cameraMode":{"drawMode":0,"name":"Shaded","section":"Shading Mode"},"sceneLighting":true,"audioPlay":false,"sceneViewState":{"showFog":true,"showMaterialUpdate":false,"showSkybox":true,"showFlares":true,"showImageEffects":true,"showParticleSystems":true},"in2DMode":false,"pivot":{"x":-9.798961639404297,"y":-9.066486358642579,"z":-11.174832344055176},"rotation":{"x":-0.19748720526695252,"y":0.7310331463813782,"z":-0.23724454641342164,"w":-0.6085265278816223},"size":34.03074645996094,"orthographic":false}